{
  "main": {
    "id": "3753e50f01792b0a",
    "type": "split",
    "children": [
      {
        "id": "c46d4b65f0db0db1",
        "type": "tabs",
        "children": [
          {
            "id": "3370c582eb0973d2",
            "type": "leaf",
            "state": {
              "type": "markdown",
              "state": {
                "file": "Game Design/Meta Loop.md",
                "mode": "source",
                "source": false
              },
              "icon": "lucide-file",
              "title": "Meta Loop"
            }
          }
        ]
      }
    ],
    "direction": "vertical"
  },
  "left": {
    "id": "9f377193672eda67",
    "type": "split",
    "children": [
      {
        "id": "7e4ba9a31d2b0c90",
        "type": "tabs",
        "children": [
          {
            "id": "d7d9361ba7fff35c",
            "type": "leaf",
            "state": {
              "type": "file-explorer",
              "state": {
                "sortOrder": "alphabetical",
                "autoReveal": false
              },
              "icon": "lucide-folder-closed",
              "title": "Dateiexplorer"
            }
          },
          {
            "id": "949a89543fc9c608",
            "type": "leaf",
            "state": {
              "type": "search",
              "state": {
                "query": "",
                "matchingCase": false,
                "explainSearch": false,
                "collapseAll": false,
                "extraContext": false,
                "sortOrder": "alphabetical"
              },
              "icon": "lucide-search",
              "title": "Suchen"
            }
          },
          {
            "id": "778e640045f266ba",
            "type": "leaf",
            "state": {
              "type": "bookmarks",
              "state": {},
              "icon": "lucide-bookmark",
              "title": "Bookmarks"
            }
          }
        ]
      }
    ],
    "direction": "horizontal",
    "width": 300
  },
  "right": {
    "id": "f30e49a94d3d1370",
    "type": "split",
    "children": [
      {
        "id": "54936b7ac3699baf",
        "type": "tabs",
        "children": [
          {
            "id": "847dcd8ad0c99748",
            "type": "leaf",
            "state": {
              "type": "backlink",
              "state": {
                "file": "Quellen.md",
                "collapseAll": false,
                "extraContext": false,
                "sortOrder": "alphabetical",
                "showSearch": false,
                "searchQuery": "",
                "backlinkCollapsed": false,
                "unlinkedCollapsed": true
              },
              "icon": "links-coming-in",
              "title": "Backlinks for Quellen"
            }
          },
          {
            "id": "625d223d67d0e83a",
            "type": "leaf",
            "state": {
              "type": "outgoing-link",
              "state": {
                "file": "Quellen.md",
                "linksCollapsed": false,
                "unlinkedCollapsed": true
              },
              "icon": "links-going-out",
              "title": "Outgoing links from Quellen"
            }
          },
          {
            "id": "b68cf9e2b73553b9",
            "type": "leaf",
            "state": {
              "type": "tag",
              "state": {
                "sortOrder": "frequency",
                "useHierarchy": true,
                "showSearch": false,
                "searchQuery": ""
              },
              "icon": "lucide-tags",
              "title": "Tags"
            }
          },
          {
            "id": "ce90459e3f321d09",
            "type": "leaf",
            "state": {
              "type": "outline",
              "state": {
                "file": "Quellen.md",
                "followCursor": false,
                "showSearch": false,
                "searchQuery": ""
              },
              "icon": "lucide-list",
              "title": "Outline of Quellen"
            }
          }
        ]
      }
    ],
    "direction": "horizontal",
    "width": 300,
    "collapsed": true
  },
  "left-ribbon": {
    "hiddenItems": {
      "switcher:Schnellauswahl öffnen": false,
      "graph:Graph-Ansicht öffnen": false,
      "canvas:Neuen Canvas erstellen": false,
      "daily-notes:Heutige Notiz öffnen": false,
      "templates:Vorlage einfügen": false,
      "command-palette:Befehlspalette öffnen": false,
      "bases:Create new base": false
    }
  },
  "active": "3370c582eb0973d2",
  "lastOpenFiles": [
    "Game Design/Unlocks.md",
    "Game Design/Unlock Mechanics.md",
    "Quellen.md",
    "Interview mit einem Producer.md",
    "GDD Bardcore.md",
    "Game Design/Meta Loop.md",
    "Creative Writing/Backstories.md",
    "Creative Writing/Dialoge.md",
    "Architektur/Asset Liste.md",
    "Architektur/Timeline.md",
    "Architektur/Software Architektur.md",
    "Architektur/Game Architektur.canvas",
    "Architektur/Feature Liste.md",
    "Game Design/Item Konzepte.md",
    "Architektur/Item Stats Architecture.canvas",
    "Agenda Meetings.md",
    "Orga",
    "Creative Writing",
    "Game Design",
    "Architektur",
    "Welcome.md"
  ]
}